Datetime,Water Level (m)
2025-05-24 00:00:00,-0.2594518
2025-05-24 01:00:00,0.48753482
2025-05-24 02:00:00,1.1031749
2025-05-24 03:00:00,1.53111
2025-05-24 04:00:00,1.4941043
2025-05-24 05:00:00,1.2951361
2025-05-24 06:00:00,0.75878334
2025-05-24 07:00:00,0.12205042
2025-05-24 08:00:00,-0.39836887
2025-05-24 09:00:00,-0.7793345
2025-05-24 10:00:00,-1.052129
2025-05-24 11:00:00,-1.0689911
2025-05-24 12:00:00,-0.47046122
2025-05-24 13:00:00,0.38294992
2025-05-24 14:00:00,1.0630074
2025-05-24 15:00:00,1.4939681
2025-05-24 16:00:00,1.528506
2025-05-24 17:00:00,1.2744113
2025-05-24 18:00:00,0.7068902
2025-05-24 19:00:00,0.041867238
2025-05-24 20:00:00,-0.4854383
2025-05-24 21:00:00,-0.89851975
2025-05-24 22:00:00,-1.2452623
2025-05-24 23:00:00,-1.4014364
2025-05-25 00:00:00,-1.1527845
2025-05-25 01:00:00,-0.15728328
2025-05-25 02:00:00,0.6654301
2025-05-25 03:00:00,1.3236008
2025-05-25 04:00:00,1.6573611
2025-05-25 05:00:00,1.7007179
2025-05-25 06:00:00,1.3980101
2025-05-25 07:00:00,0.75410235
2025-05-25 08:00:00,0.093960345
2025-05-25 09:00:00,-0.43059003
2025-05-25 10:00:00,-0.824395
2025-05-25 11:00:00,-1.1237036
2025-05-25 12:00:00,-1.1539888
2025-05-25 13:00:00,-0.53472054
2025-05-25 14:00:00,0.3857051
2025-05-25 15:00:00,1.1021427
2025-05-25 16:00:00,1.5544801
2025-05-25 17:00:00,1.6610845
2025-05-25 18:00:00,1.3562175
2025-05-25 19:00:00,0.67231804
2025-05-25 20:00:00,-0.029548405
2025-05-25 21:00:00,-0.5794184
2025-05-25 22:00:00,-1.0092252
2025-05-25 23:00:00,-1.3558409
2025-05-26 00:00:00,-1.4855405
2025-05-26 01:00:00,-1.001693
2025-05-26 02:00:00,0.062188998
2025-05-26 03:00:00,0.8970745
2025-05-26 04:00:00,1.5651662
2025-05-26 05:00:00,1.8432668
2025-05-26 06:00:00,1.7969288
2025-05-26 07:00:00,1.4456556
2025-05-26 08:00:00,0.77085364
2025-05-26 09:00:00,0.105670445
2025-05-26 10:00:00,-0.4359835
2025-05-26 11:00:00,-0.84116834
2025-05-26 12:00:00,-1.1598357
2025-05-26 13:00:00,-1.1843013
2025-05-26 14:00:00,-0.44145685
2025-05-26 15:00:00,0.4964142
2025-05-26 16:00:00,1.208115
2025-05-26 17:00:00,1.5267735
2025-05-26 18:00:00,1.6370406
2025-05-26 19:00:00,1.2449718
2025-05-26 20:00:00,0.55400807
2025-05-26 21:00:00,-0.13334957
2025-05-26 22:00:00,-0.65698534
2025-05-26 23:00:00,-1.0802801
2025-05-27 00:00:00,-1.3965166
2025-05-27 01:00:00,-1.4524984
2025-05-27 02:00:00,-0.7532306
2025-05-27 03:00:00,0.26274833
2025-05-27 04:00:00,1.1113725
2025-05-27 05:00:00,1.6262879
2025-05-27 06:00:00,1.9360566
2025-05-27 07:00:00,1.8478639
2025-05-27 08:00:00,1.3957458
2025-05-27 09:00:00,0.69039077
2025-05-27 10:00:00,0.022414247
2025-05-27 11:00:00,-0.5339583
2025-05-27 12:00:00,-0.9297837
2025-05-27 13:00:00,-1.2054433
2025-05-27 14:00:00,-1.1079195
2025-05-27 15:00:00,-0.14711042
2025-05-27 16:00:00,0.7655113
2025-05-27 17:00:00,1.4633371
2025-05-27 18:00:00,1.7794948
2025-05-27 19:00:00,1.7762015
2025-05-27 20:00:00,1.3685311
2025-05-27 21:00:00,0.64313686
2025-05-27 22:00:00,-0.03575642
2025-05-27 23:00:00,-0.5712669
2025-05-28 00:00:00,-0.9738013
2025-05-28 01:00:00,-1.2652935
2025-05-28 02:00:00,-1.1918339
2025-05-28 03:00:00,-0.24821344
2025-05-28 04:00:00,0.6864764
2025-05-28 05:00:00,1.4771394
2025-05-28 06:00:00,1.9258392
2025-05-28 07:00:00,2.0422854
2025-05-28 08:00:00,1.9564685
2025-05-28 09:00:00,1.4313968
2025-05-28 10:00:00,0.7540472
2025-05-28 11:00:00,0.09896713
2025-05-28 12:00:00,-0.4133653
2025-05-28 13:00:00,-0.81203467
2025-05-28 14:00:00,-1.0492634
2025-05-28 15:00:00,-0.8596965
2025-05-28 16:00:00,0.04918964
2025-05-28 17:00:00,0.8568983
2025-05-28 18:00:00,1.4025441
2025-05-28 19:00:00,1.5399989
2025-05-28 20:00:00,1.394969
2025-05-28 21:00:00,0.82256085
2025-05-28 22:00:00,0.15625863
2025-05-28 23:00:00,-0.41902912
2025-05-29 00:00:00,-0.8567051
2025-05-29 01:00:00,-1.2171886
2025-05-29 02:00:00,-1.354055
2025-05-29 03:00:00,-0.9326662
2025-05-29 04:00:00,0.08938228
2025-05-29 05:00:00,0.9207051
2025-05-29 06:00:00,1.6034201
2025-05-29 07:00:00,1.9503615
2025-05-29 08:00:00,2.0197287
2025-05-29 09:00:00,1.7885904
2025-05-29 10:00:00,1.1464813
2025-05-29 11:00:00,0.48466918
2025-05-29 12:00:00,-0.08980811
2025-05-29 13:00:00,-0.56697714
2025-05-29 14:00:00,-0.9205866
2025-05-29 15:00:00,-1.0799835
2025-05-29 16:00:00,-0.6058237
2025-05-29 17:00:00,0.3795367
2025-05-29 18:00:00,1.1379695
2025-05-29 19:00:00,1.5640454
2025-05-29 20:00:00,1.7164489
2025-05-29 21:00:00,1.4784522
2025-05-29 22:00:00,0.8818377
2025-05-29 23:00:00,0.22521734
2025-05-30 00:00:00,-0.30740407
